0,0,0,0,0,0,0,0,0,0,0,0,0,0,0,0,0,0,0,0,0,0,0,0,0,0,0,0,0,0,0,0,0,0,0,0,0,0,0,0,0,0,0,0,0,0,0,0,0,0,0,0,0,0,0,0,0,0,0,0,0,0,0,0,0,0,0,0,0,0,0.170606,0.364164,0.557227,0.69173,0.69173,0.69173,0.69173,0.69173,0.69173,0.689784,0.673089,0.664037,0.660547,0.659005,0.646309,0.646309,0.646309,0.646309,0.646309,0.66262,0.673137,0.695805,0.699886,0.699886,0.699886,0.705648,0.705648,0.699886,0.684374,0.684374,0.672465,0.675876,0.672465,0.664578,0.657621,0.633302,0.627594,0.627594,0.627594,0.633302,0.633302,0.627594,0.622965,0.622965,0.622965,0.622965,0.622965,0.624097,0.655767,0.67648,0.687413,0.790902,0.79387,0.797624,0.797624,0.797624,0.79387,0.748615,0.74118,0.710053,0.710053,0.703918,0.703918,0.695077,0.695077,0.695077,0.720001,0.726178,0.768097,0.768097,0.768097,0.768097,0.730589,0.697851,0.676018,0.6582,0.578824,0.571566,0.500316,0.467848,0.462128,0.438754,0.28907,0.117198,0,0,0,0,0,0,0,0,0,0,0,0,0,0,0,0,0,0,0,0,0,0,0,0,0,0,0,0,0,0,0,0,0.0123978,0.0620901,0.0708365,0.0897473,0.0897473,0.0897473,0.0897473,0.0897473,0.0897473,0.0897473,0.0637692,0.0637692,0.0637692,0.0637692,0,0,0,0,0,0,0,0,0,0,0,0,0,0,0,0,0,0,0,0,0,0,0,0,0,0,0,0,0,0,0,0,0,0,0,0,0,0,0,0,0,0,0,0,0,0,0,0,0,0,0,0,0,0,0,0.0492597,0.343709,0.383128,0.407061,0.407061,0.407061,0.407061,0.391501,0.3412,0.325438,0.276308,0.276308,0.276308,0.276308,0.480865,0.480865,0.489773,0.5065,0.509887,0.509887,0.5065,0.505637,0.5065,0.509887,0.509896,0.513838,0.558577,0.558577,0.558577,0.558577,0.558577,0.558577,0.558577,0.601377,0.624801,0.641199,0.641199,0.641199,0.624801,0.578498,0.489008,0.483962,0.426216,0.426216,0.426216,0.476484,0.477598,0.477598,0.481338,0.495006,0.486109,0.486109,0.486109,0.486109,0.469136,0.469136,0.469136,0.467,0.469136,0.474182,0.495868,0.517452,0.542071,0.569395,0.569395,0.569395,0.569395,0.471427,0.441304,0.437736,0.378451,0.373008,0.351084,0.322982,0.195838,0.158673,0,0,0,0.0226808,0.133206,0.158673,0.133206,0.133206,0.183012,0.183012,0.183012,0.321008,0.338462,0.338462,0.338462,0.338462,0.319326,0.175806,0.175806,0.175806,0.175806,0.226307,0.378786,0.454969,0.497671,0.51083,0.51083,0.51083,0.51083,0.464659,0.463038,0.408355,0.364626,0.364626,0.364626,0.364626,0.396859,0.398615,0.398615,0.398615,0.398615,0.383381,0.366783,0.360409,0.318466,0.308806,0.250448,0.21678,0.21678,0.21678,0.21678,0.25309,0.25309,0.25309,0.25309,0.25309,0.25309,0.25309,0.391151,0.391151,0.411419,0.411419,0.391151,0.391151,0.337366,0.329311,0.329311,0.304983,0.236615,0.230788,0.117712,0.0973755,0.0157809,0,0,0,0,0,0,0,0,0,0,0,0,0,0,0,0,0.00243008,0.00243008,0.00243008,0.00243008,0,0,0.00588298,0.00588298,0.00588298,0.0871598,0.0871598,0.125546,0.125546,0.125546,0.123941,0.120075,0.104213,0.104213,0.0557452,0.036425,0,0,0,0,0,0,0,0,0,0,0,0,0,0.0643772,0.192711,0.244263,0.273852,0.273852,0.273852,0.273852,0.198197,0.116462,0.116462,0.116462,0.116462,0.302932,0.302932,0.449114,0.566517,0.570429,0.618401,0.618401,0.603828,0.603828,0.603828,0.524702,0.522243,0.522243,0.522243,0.522243,0.523308,0.68814,0.699894,0.758257,0.758257,0.772456,0.768564,0.759773,0.759773,0.768564,0.772456,0.790955,0.840432,0.840432,0.840432,0.840432,0.83766,0.781914,0.76539,0.756559,0.756559,0.756559,0.756559,0.791439,0.851822,0.855669,0.855852,0.855852,0.855852,0.855852,0.793937,0.770782,0.727556,0.726652,0.726652,0.726652,0.752252,0.72666,0.752252,0.7834,0.787412,0.787941,0.807314,0.81365,0.81365,0.81365,0.81365,0.805821,0.757424,0.724404,0.656334,0.583736,0.567896,0.507892,0.507892,0.502291,0.502291,0.507892,0.513921,0.513986,0.513986,0.513921,0.513921,0.490838,0.328247,0.267439,0.240027,0.1587,0.1587,0.1587,0.1587,0.184774,0.184774,0.188273,0.188273,0.184774,0.160236,0.111025,0.0774467,0.0450706,0.0450706,0.0450706,0.0450706,0,0,0,0,0,0.0436067,0.0375926,0.0189477,0.0189477,0,0,0,0,0,0,0,0,0.0160944,0.0247455,0.0247455,0.0247455,0.0447458,0.0447458,0,0,0,0,0.0447458,0.0294906,0.00111282,0,0,0,0,0,0,0,0,0,0,0,0,0,0,0,0,0,0,0,0,0,0,0,0,0,0,0,0,0,0,0,0,0,0,0.0187671,0.0351685,0.0418025,0.0418025,0.0351685,0.0187671,0.00139594,0,0,0,0,0,0,0,0,0,0,0,0,0,0,0.264909,0.317254,0.317254,0.317254,0.344234,0.346953,0.346953,0.346953,0.355281,0.358636,0.36984,0.387241,0.416746,0.452357,0.502455,0.503369,0.503369,0.503369,0.503369,0.481238,0.429504,0.338497,0.338497,0.326189,0.319558,0.319558,0.326189,0.326388,0.343687,0.415747,0.481509,0.539928,0.539928,0.540219,0.540219,0.539928,0.507196,0.464879,0.441396,0.464879,0.436782,0.417735,0.417735,0.391777,0.385092,0.360172,0.330669,0.330027,0.330027,0.294071,0.282999,0.282999,0.285868,0.285868,0.282999,0.282999,0.267714,0.238993,0.238993,0.218376,0.195133,0.195133,0.195133,0.195133,0.167795,0.167795,0.167795,0.156049,0.0916213,0.0893295,0.0762093,0.06316,0.0525993,0.030942,0.030942,0.030942,0.030942,0.0411504,0.0411504,0.0411504,0.0411504,0.0154662,0,0,0,0,0.0551194,0.0731301,0.0812703,0.213463,0.213463,0.213463,0.213463,0.155956,0.155956,0.155956,0.155956,0.25188,0.267728,0.271214,0.322016,0.437186,0.437186,0.437186,0.437186,0.409571,0.403211,0.387635,0.362911,0.362911,0.362911,0.362911,0.392363,0.392363,0.392363,0.392363,0.371129,0.30414,0.287332,0.287332,0.248012,0.248012,0.248012,0.248012,0.261699,0.355474,0.261699,0.278099,0.278099,0.278099,0.209739,0.184572,0.180155,0.178714,0.178714,0.178714,0.184572,0.21449,0.21449,0.21449,0.21449,0.113805,0.013687,0,0,0,0,0,0,0.0704652,0.209721,0.209721,0.209721,0.209721,0.186928,0.110441,0.110441,0.0872999,0.0533348,0,0,0,0
0,0,0,0,0,0,0,0,0,0,0,0,0,0,0,0,0,0,0,0,0,0,0,0,0,0,0,0,0,0,0,0,0,0,0,0,0,0,0,0,0,0,0,0,0,0,0,0,0,0,0,0,0,0,0,0,0,0,0,0,0,0,0,0,0,0,0,0,0,0,0,0,0,0,0,0,0,0,0,0,0,0,0,0,0,0,0,0,0,0,0,0,0,0,0,0,0,0,0,0,0,0,0,0,0,0,0,0,0,0,0,0,0,0,0,0,0,0,0,0,0,0,0,0,0,0,0,0,0,0,0,0,0,0,0,0,0,0,0,0,0,0,0,0,0,0,0,0,0,0,0,0,0,0,0,0,0,0,0,0,0,0,0,0,0,0,0,0,0,0,0,0,0,0,0,0,0,0,0,0,0,0,0,0,0,0,0,0,0,0,0,0,0,0,0,0,0,0,0,0,0,0,0,0,0,0,0,0,0,0,0,0,0,0,0,0,0,0,0,0,0,0,0,0,0,0,0,0,0,0,0,0,0,0,0,0,0,0,0,0,0,0,0,0,0,0,0,0,0,0,0,0,0,0,0,0,0,0,0,0,0,0,0,0,0,0,0,0,0,0,0,0,0,0,0,0,0,0,0,0,0,0,0,0,0,0,0,0,0,0,0,0,0,0,0,0,0,0,0,0,0,0,0,0,0,0,0,0,0,0,0,0,0,0,0,0,0,0,0,0,0,0,0,0,0,0,0,0,0,0,0,0,0,0,0,0,0,0,0,0,0,0,0,0,0,0,0,0,0,0,0,0,0,0,0,0,0,0,0,0,0,0,0,0,0,0,0,0,0,0,0,0,0,0,0,0,0,0,0,0,0,0,0,0,0,0,0,0,0,0,0,0,0,0,0,0,0,0,0,0,0,0,0,0,0,0,0,0,0,0,0,0,0,0,0,0,0,0,0,0,0,0,0,0,0,0,0,0,0,0,0,0,0,0,0,0,0,0,0,0,0,0,0,0,0,0,0,0,0,0,0,0,0,0,0,0,0,0,0,0,0,0,0,0,0,0,0,0,0,0,0,0,0,0,0,0,0,0,0,0,0,0,0,0,0,0,0,0,0,0,0,0,0,0,0,0,0,0,0,0,0,0,0,0,0,0,0,0,0,0,0,0,0,0,0,0,0,0,0,0,0,0,0,0,0,0,0,0,0,0,0,0,0,0,0,0,0,0,0,0,0,0,0,0,0,0,0,0,0,0,0,0,0,0,0,0,0,0,0,0,0,0,0,0,0,0,0,0,0,0,0,0,0,0,0,0,0,0,0,0,0,0,0,0,0,0,0,0,0,0,0,0,0,0,0,0,0,0,0,0,0,0,0,0,0,0,0,0,0,0,0,0,0,0,0,0,0,0,0,0,0,0,0,0,0,0,0,0,0,0,0,0,0,0,0,0,0,0,0,0,0,0,0,0,0,0,0,0,0,0,0,0,0,0,0,0,0,0,0,0,0,0,0,0,0,0,0,0,0,0,0,0,0,0,0,0,0,0,0,0,0,0,0,0,0,0,0,0,0,0,0,0,0,0,0,0,0,0,0,0,0,0,0,0,0,0,0,0,0,0,0,0,0,0,0,0,0,0,0,0,0,0,0,0,0,0,0,0,0,0,0,0,0,0,0,0,0,0,0,0,0,0,0,0,0,0,0,0,0,0,0,0,0,0,0,0,0,0,0,0,0,0,0,0,0,0,0,0,0,0,0,0,0,0,0,0,0,0,0,0,0,0,0,0,0,0,0,0,0,0,0,0,0,0,0,0,0,0,0,0,0,0,0,0,0,0,0,0,0,0,0
0,0,0,0,0,0,0,0,0,0,0,0,0,0,0,0,0,0,0,0,0,0,0,0,0,0,0,0,0,0,0,0,0,0,0,0,0,0,0,0,0,0,0,0,0,0,0,0,0,0,0,0,0,0,0,0.00338495,0.00338495,0.00338495,0.210485,0.210485,0.206944,0.206944,0.206944,0.229868,0.258044,0.260877,0.287248,0.287248,0.287248,0.253116,0.253116,0.253116,0.208043,0.208043,0.197745,0.131038,0.208043,0.208043,0.208043,0.153037,0.153037,0.15804,0.184774,0.15804,0.15804,0.153037,0.0441497,0,0,0,0,0,0,0,0,0,0.0242615,0.0242615,0.0242615,0.0242615,0,0,0,0,0.00427842,0,0,0,0,0,0,0,0,0,0,0,0,0,0,0,0,0,0,0,0,0,0,0,0,0,0.00257075,0.00257075,0.00257075,0,0,0,0,0,0,0,0,0,0,0,0,0,0,0,0,0,0,0,0,0,0,0.159497,0.203552,0.205167,0.216852,0.387267,0.445247,0.445247,0.445247,0.445247,0.435191,0.435191,0.435191,0.42481,0.42481,0.42481,0.42481,0.396302,0.30534,0.30534,0.30534,0.30534,0.331553,0.353256,0.353256,0.356165,0.353256,0.342539,0.331553,0.303827,0.303827,0.303827,0.303827,0.321681,0.361678,0.372298,0.372298,0.372298,0.361678,0.349102,0.349102,0.344191,0.344191,0.349102,0.364938,0.364938,0.364938,0.358699,0.358699,0.322922,0.315296,0.310329,0.307397,0.306561,0.296848,0.296848,0.296848,0.306304,0.306304,0.306304,0.296848,0.306304,0.306304,0.291156,0.280156,0.27574,0.179012,0.116349,0.0926655,0.0926655,0.0926655,0.0926655,0.203921,0.225055,0.244334,0.256941,0.263951,0.264823,0.267646,0.271568,0.275714,0.271568,0.269962,0.269962,0.270872,0.270872,0.269962,0.245842,0.229976,0.229976,0.270872,0.225674,0.188267,0.188267,0.19628,0.204973,0.19628,0.188267,0.188267,0.182234,0.0505364,0.0402933,0,0,0,0,0,0,0,0,0,0,0,0,0,0,0,0,0,0,0,0,0,0,0,0,0,0,0,0,0,0,0,0,0,0,0,0,0,0,0,0,0,0,0,0,0,0,0,0,0,0,0,0,0,0,0,0,0,0,0,0,0,0,0,0,0,0,0,0,0,0,0,0,0.264909,0.384425,0.384425,0.49103,0.49103,0.49103,0.47628,0.384157,0.373325,0.341334,0.341064,0.33145,0.285609,0.275391,0.224124,0.209819,0.199382,0.186079,0.154969,0.154969,0.154969,0.140977,0.140977,0.140977,0.140977,0.161062,0.206273,0.206273,0.206273,0.206273,0,0,0,0,0.00579059,0.00579059,0.00579059,0.00579059,0,0,0,0,0,0,0,0,0,0,0,0,0,0,0,0,0,0,0,0,0,0,0,0,0,0,0,0,0,0,0.106355,0.260247,0.295095,0.302564,0.33891,0.352535,0.3753,0.380411,0.405681,0.429308,0.429308,0.434251,0.482883,0.510326,0.563094,0.566633,0.568477,0.573597,0.648433,0.648433,0.663662,0.680241,0.680241,0.680241,0.656121,0.631996,0.631996,0.562792,0.537636,0.534798,0.534798,0.534798,0.537636,0.617518,0.634998,0.660861,0.660861,0.660861,0.634998,0.585995,0.560139,0.408826,0.337813,0.330104,0.295792,0.280491,0.280491,0.267742,0.257902,0.0883293,0.0557256,0.0307208,0,0,0,0,0,0.1043,0.263101,0.286348,0.296488,0.302325,0.302325,0.296488,0.296488,0.286348,0.147966,0.147484,0.142928,0,0,0,0,0,0.0336647,0.0401205,0.0531822,0.0932127,0.140845,0.229561,0.229561,0.229561,0.229561,0.161546,0.161546,0.161546,0.161546,0.161546,0.17176,0.211034,0.211034,0.211034,0.159041,0.127727,0.146643,0.146643,0.146643,0.146643,0.17899,0.17899,0.17899,0.17899,0.166807,0.158037,0.0496721,0.00213683,0,0,0,0,0,0,0,0,0,0,0,0,0,0,0,0,0,0,0,0,0,0,0,0,0,0,0,0,0,0,0,0,0,0,0,0,0,0,0,0,0,0,0,0,0,0,0,0,0,0,0.0142068,0.0142068,0.0447458,0.0544125,0.0714302,0.0544125,0.242493,0.287359,0.29182,0.29182,0.384881,0.420203,0.53893,0.53893,0.53893,0.53893,0.511877,0.493026,0.484257,0.426442,0.375941,0.364749,0.358088,0.349464,0.349464,0.335811,0.335811,0.335811,0.279593,0.268649,0.26531,0.26531,0.259547,0.259547,0.259547,0.333493,0.333493,0.333493,0.28315,0.28315,0.257625,0.257625,0.257625,0.257625,0.370229,0.381439,0.382399,0.431333,0.433582,0.452163,0.468355,0.452163,0.433582,0.452163,0.452163,0.457996,0.48344,0.492746,0.530392,0.530392,0.555922,0.555922,0.555922,0.543247,0.52757,0.52757,0.537981,0.537981,0.540764,0.537981,0.537981,0.537981,0.470993,0.399508,0.399508,0.375528,0.375528,0.399508,0.404451,0.422245,0.470841,0.470841,0.470841,0.470841,0.440853,0.421416,0.374948,0.289655,0.206906,0.195839,0.186697,0.186697,0.186697,0.186697,0.0932079,0.0369364,0,0,0,0,0,0,0,0,0,0,0,0,0,0,0,0,0,0,0,0,0,0,0,0,0,0,0,0,0,0,0,0,0,0,0,0,0,0,0,0,0,0,0,0,0,0,0,0,0,0,0,0,0,0,0,0,0,0,0,0,0,0,0,0,0,0,0,0,0,0,0,0,0,0,0,0,0,0,0,0,0,0,0,0,0,0,0,0,0,0,0,0,0,0,0,0,0,0,0,0,0,0,0,0,0,0,0,0,0,0,0,0,0,0,0,0,0,0,0,0,0,0,0,0.0128907,0.0128907,0,0,0,0,0,0,0,0,0,0,0,0,0,0,0,0,0,0,0,0,0.0727439,0.177338,0.256808,0.26978,0.306337,0.288404,0.301949,0.301949,0.301949,0.301949,0.297363,0.295741,0.297363,0.295741,0.264863,0.193005,0.1762,0.0945925
0,0,0,0,0,0,0,0,0,0,0,0,0,0,0,0,0,0,0,0,0,0,0,0,0,0,0,0,0,0,0,0,0,0,0,0,0,0,0,0,0,0,0,0,0,0,0,0,0,0,0,0,0,0,0,0,0,0,0,0,0,0,0,0,0,0,0,0,0,0,0,0,0,0,0,0,0,0,0,0,0,0,0,0,0,0,0,0,0,0,0,0,0,0,0,0,0,0,0,0,0,0,0,0,0,0,0,0,0,0,0,0,0,0,0,0,0,0,0,0,0,0,0,0,0,0,0,0,0,0,0,0,0,0,0,0,0,0,0,0,0,0,0,0,0,0,0,0,0,0,0,0,0,0,0,0,0,0,0,0,0,0,0,0,0,0,0,0,0,0,0,0,0,0,0,0,0,0,0,0,0,0,0,0,0,0,0,0,0,0,0,0,0,0,0,0,0,0,0,0,0,0,0,0,0,0,0,0,0,0,0,0,0,0,0,0,0,0,0,0,0,0,0,0,0,0,0,0,0,0,0,0,0,0,0,0,0,0,0,0,0,0,0,0,0,0,0,0,0,0,0,0,0,0,0,0,0,0.057733,0.110311,0.129523,0.132605,0.137199,0.144072,0.146231,0.176149,0.211751,0.245449,0.249668,0.26397,0.264009,0.3182,0.329629,0.449991,0.449991,0.449991,0.449991,0.304574,0.275807,0.157267,0.157267,0.157267,0.157267,0.178573,0.180417,0.234713,0.234713,0.180417,0.180417,0.0986278,0.0986278,0.0986278,0.0986278,0.127664,0.137051,0.144404,0.144404,0.144404,0.157018,0.144404,0.134209,0.0975114,0.0832706,0,0,0,0,0,0,0,0,0,0,0.0156575,0,0,0,0,0,0,0,0,0,0,0,0,0,0,0,0,0,0,0,0,0,0,0,0.0185037,0,0,0,0,0,0,0,0,0,0,0,0,0,0.0354516,0.00392854,0.00392854,0.00392854,0.0354516,0.143203,0.342393,0.375191,0.375191,0.375191,0.375191,0.346874,0.327632,0.256632,0.256632,0.256632,0.256632,0.364382,0.366523,0.390362,0.390362,0.390362,0.364382,0.311466,0.28009,0.224414,0.0707251,0,0,0,0,0.00757158,0.06316,0.0972736,0.125146,0.12934,0.125146,0.12934,0.131823,0.131883,0.144277,0.144277,0.144277,0.166807,0.166807,0.166807,0.144277,0.0844961,0.022344,0,0,0,0,0,0,0,0,0,0,0,0,0,0,0,0,0,0,0,0,0,0,0,0,0,0,0,0,0,0,0,0,0,0,0,0,0,0,0,0,0,0,0,0,0,0,0,0,0,0,0,0,0,0,0,0,0,0,0,0,0,0,0,0,0,0,0,0,0,0,0,0,0,0,0,0,0,0,0,0,0,0,0,0,0,0,0,0,0,0,0,0,0,0,0,0,0,0,0,0,0,0,0,0,0,0,0,0,0,0,0,0,0,0,0,0,0,0,0,0,0,0,0,0,0,0,0,0,0,0,0,0,0,0,0,0,0,0,0,0,0,0,0,0,0,0,0,0,0,0,0,0,0,0,0,0,0,0,0,0,0,0,0,0,0,0,0,0,0,0,0,0,0,0,0,0,0,0,0,0,0,0,0,0,0,0,0,0,0,0,0,0,0,0,0,0,0,0,0,0,0,0,0,0,0,0,0,0,0,0,0,0,0,0,0,0,0,0,0,0,0,0,0,0,0,0,0,0,0,0,0,0,0,0,0,0,0,0,0,0,0,0,0,0,0,0,0,0,0,0.0818074,0.208988,0.219623,0.286756,0.361277,0.361277,0.361277,0.361277,0.255449,0.218281,0.218281,0.218281,0.218281,0.378128,0.463225,0.463225,0.463225,0.463225,0.450001,0.398742,0.322844,0.303805,0.299389,0.209182,0.155466,0.0996393,0.0996393,0.0996393,0.14358,0.151125,0.14358,0.151125,0.151125,0.151125,0.256473,0.256473,0.256473,0.26301,0.342668,0.371683,0.371683,0.371683,0.371683,0.368813,0.339467,0.306536,0.306536,0.306536,0.339467,0.342628,0.414919,0.466071,0.476514,0.476514,0.466071,0.466071,0.399709,0.301847,0.277596,0.228131,0.228131,0.228131,0.215117,0.228131,0.246983,0.246983,0.246983,0.215117,0,0,0,0,0.108187,0.144671,0.155914,0.197589,0.263368,0.263368,0.244047,0.244047,0.244047,0.22931,0.183853,0.180844,0.180844,0.180844,0.180844,0.32128,0.40661,0.40661,0.40661,0.40661,0.381433,0.364977,0.313834,0.313834,0.313834,0.313834,0.411483,0.470909,0.475893,0.480389,0.480389,0.480389,0.480389,0.418056,0.418056,0.418056,0.418056,0.449535,0.455653,0.455653,0.455653,0.455653,0.408909,0.397631,0.396333,0.379131,0.32468,0.195911,0.195911,0.195911,0.195911,0.420716,0.420778,0.463031,0.463031,0.463031,0.463031,0.414687,0.414687,0.414687,0.414687,0.468222,0.534934,0.536691,0.583041,0.583041,0.583041,0.536691,0.518789,0.51544,0.495704,0.492949,0.495704,0.4549,0.433326,0.418349,0.415831,0.433326,0.443458,0.443458,0.443458,0.443458,0.443458,0.443458,0.376689,0.128596,0,0,0,0,0
0,0,0,0,0,0,0,0,0,0,0,0,0,0,0,0,0,0,0,0,0,0,0,0,0,0,0,0,0,0,0,0,0,0,0,0,0,0,0,0,0,0,0,0,0,0,0,0,0,0,0,0,0,0,0,0,0,0,0,0,0,0.00101864,0.00768721,0.00768721,0.00768721,0.00768721,0,0,0,0,0,0,0,0,0,0,0,0,0,0,0,0,0,0,0,0,0,0,0,0,0,0,0,0,0,0,0,0,0,0,0,0,0,0,0,0,0,0,0,0,0,0,0,0,0,0,0,0,0,0,0,0,0,0,0,0,0,0,0,0,0,0,0,0,0,0,0,0,0,0,0,0,0,0,0,0,0,0,0,0,0,0,0,0,0,0,0,0,0,0,0,0,0,0,0,0,0,0,0,0,0,0,0,0,0,0,0,0,0,0,0,0,0,0,0,0,0,0,0,0,0,0,0,0,0,0,0,0,0,0,0,0,0,0,0,0,0,0,0,0,0,0,0,0,0,0,0,0,0,0,0,0,0,0,0,0,0,0,0,0,0,0,0,0,0,0,0,0,0,0,0,0,0,0,0,0,0,0,0,0,0,0,0,0,0,0,0,0,0,0,0,0,0,0,0,0,0,0,0,0,0,0,0,0,0,0,0,0,0,0,0,0,0.0443905,0.0443905,0.0443905,0.0443905,0,0,0,0,0,0,0,0,0,0,0,0,0,0,0,0,0,0,0,0,0,0,0,0,0,0,0,0,0,0,0,0,0,0,0,0,0,0,0,0,0,0,0,0,0,0,0,0,0,0,0,0,0,0,0,0,0,0,0,0,0,0,0,0,0,0,0,0,0,0,0,0,0,0,0,0,0,0,0,0,0,0,0,0,0,0,0,0,0,0,0,0,0,0,0,0,0,0,0,0,0,0,0,0,0,0,0,0,0,0,0,0,0,0,0,0,0,0,0,0,0,0,0,0,0,0,0,0,0,0,0,0,0,0,0,0,0,0,0,0,0,0,0,0,0,0,0,0,0,0,0,0,0,0,0.0314099,0,0,0,0.0314099,0.0314099,0.0314099,0,0,0,0,0,0,0,0,0.0360906,0.0481373,0,0,0.0481373,0.0460023,0.0460023,0.0174797,0,0,0,0,0,0,0,0,0,0.0233507,0.0317502,0.0410271,0.0705767,0.109857,0.129645,0.132966,0.139322,0.139322,0.139322,0.139322,0.109337,0.0544518,0,0,0,0,0,0,0,0,0,0,0,0,0,0,0,0,0,0,0,0,0,0,0,0,0,0,0,0,0,0,0,0,0,0,0,0,0,0,0,0,0,0,0,0,0,0,0,0,0,0,0,0,0,0,0,0,0,0,0,0,0,0,0,0,0,0,0,0,0,0,0,0,0,0,0,0,0,0,0,0,0,0,0,0,0,0,0,0,0,0,0,0,0,0,0,0,0,0,0,0,0,0,0,0,0,0,0,0,0,0,0,0,0,0,0,0,0,0,0,0,0,0,0,0,0,0,0,0,0,0,0,0,0,0,0,0,0,0,0,0,0,0,0,0,0,0,0,0,0,0,0,0,0,0,0,0,0,0,0,0,0,0,0,0,0,0,0,0,0,0,0,0,0,0,0,0,0,0,0,0,0,0,0,0,0,0,0,0,0,0,0,0,0,0,0,0,0,0,0,0,0,0,0,0,0,0,0,0,0,0,0,0,0,0,0,0,0,0,0,0,0,0,0,0,0,0,0,0,0,0,0,0,0,0,0,0,0,0,0,0,0,0,0,0,0,0,0,0,0,0,0,0,0,0,0,0,0,0,0,0,0,0,0,0,0,0,0,0,0,0,0,0,0,0,0,0,0,0,0,0,0,0,0,0,0,0,0,0,0,0.0266582,0.0266582,0.0268769,0.0268769,0.134273,0.100397,0.100397,0.253639,0.36609,0.366495,0.387255,0.439765,0.439765,0.439765,0.439765,0.33232,0.125523,0,0,0,0,0,0,0,0,0,0,0,0,0.00210941,0,0,0,0,0,0,0.0289982
0,0,0,0,0,0,0,0,0,0,0,0,0,0,0,0,0,0,0,0,0,0,0,0,0,0,0,0,0,0,0,0,0,0,0,0,0,0,0,0,0,0,0,0,0,0,0,0,0,0,0,0,0,0,0,0,0,0,0,0,0,0,0,0,0,0,0,0,0,0,0,0,0,0,0,0,0,0,0,0,0,0,0,0,0,0,0,0,0,0,0,0,0,0,0,0,0,0,0,0,0,0,0,0,0,0,0,0,0,0,0,0,0,0,0,0,0,0,0,0,0,0,0,0,0,0,0,0,0,0,0,0,0,0,0,0,0,0,0,0,0,0,0,0,0,0,0,0,0,0,0,0,0.0813329,0.102651,0.153612,0.384397,0.494496,0.562509,0.562509,0.562509,0.562509,0.526426,0.49575,0.413656,0.31932,0.249829,0.249829,0.216842,0.249829,0.31932,0.413878,0.435942,0.438459,0.442282,0.471295,0.471295,0.471295,0.471451,0.471451,0.471451,0.504512,0.584479,0.63404,0.63404,0.63404,0.63404,0.602349,0.545955,0.459369,0.445992,0.445992,0.445992,0.445992,0.462106,0.504972,0.552115,0.552115,0.552115,0.552115,0.478629,0.396193,0.300288,0.299949,0.299949,0.299949,0.300288,0.373864,0.483235,0.483235,0.483235,0.483235,0.480431,0.40607,0.386295,0.386225,0.368528,0.368528,0.386225,0.386225,0.460597,0.460597,0.460597,0.460597,0.430037,0.383872,0.356397,0.319906,0.319906,0.319906,0.319906,0.378692,0.378768,0.495724,0.495724,0.495724,0.495724,0.471014,0.372533,0.266733,0.266733,0.266733,0.266733,0.269219,0.37541,0.45743,0.49388,0.49388,0.49388,0.49388,0.429493,0.346642,0.259089,0.209738,0.0344384,0,0,0,0,0,0,0,0,0,0,0,0,0,0,0,0,0,0,0,0,0,0,0,0,0,0,0,0,0,0,0,0,0,0,0,0,0,0,0,0,0,0,0,0,0,0,0,0,0,0,0,0,0,0,0,0,0,0,0,0,0,0,0,0,0,0,0,0,0,0,0,0,0,0,0,0,0,0,0,0,0,0,0,0,0,0,0,0,0,0,0,0,0,0,0,0,0,0,0,0,0,0,0,0,0,0,0,0,0,0,0,0,0,0,0,0,0,0,0,0,0,0,0,0,0,0,0,0,0,0,0,0,0,0,0,0,0,0,0,0,0,0,0,0,0,0.233074,0.421016,0.464374,0.479914,0.515498,0.525362,0.525362,0.525362,0.525362,0.524858,0.504596,0.45883,0.420287,0.420287,0.414253,0.400236,0.399274,0.389833,0.400653,0.389833,0.363992,0.363837,0.316378,0.316378,0.34241,0.34241,0.34241,0.350919,0.474341,0.532375,0.542276,0.553946,0.542276,0.532375,0.532375,0.483562,0.457247,0.399369,0.398278,0.393307,0.387046,0.385657,0.385657,0.36737,0.36737,0.36737,0.362027,0.224318,0.205098,0.166751,0.104478,0.0573057,0.00458121,0,0,0,0,0,0,0,0,0,0,0,0,0,0,0,0,0,0,0,0,0,0,0,0,0,0,0,0,0,0,0,0,0,0,0,0,0,0,0,0,0,0,0,0,0,0,0,0,0,0,0,0,0,0,0,0,0,0,0,0,0,0,0,0,0,0,0,0,0,0,0,0,0,0,0,0,0,0,0,0,0,0,0,0,0,0,0,0,0,0,0,0,0,0,0,0.0663453,0.16377,0.169105,0.251314,0.298403,0.322216,0.341777,0.381131,0.381131,0.381131,0.381131,0.358809,0.358809,0.358809,0.358809,0.358809,0.354651,0.376055,0.376055,0.37128,0.366164,0.357139,0.357139,0.357139,0.357139,0.357139,0.357139,0.460793,0.460793,0.460793,0.478892,0.478892,0.394096,0.353352,0.337068,0.337068,0.353352,0.353352,0.353352,0.424766,0.46402,0.502269,0.502269,0.502269,0.502269,0.472816,0.332706,0.311466,0.311466,0.311466,0.311466,0.356437,0.363924,0.439834,0.480087,0.523928,0.523928,0.523928,0.523928,0.486748,0.454277,0.412783,0.412783,0.412783,0.412783,0.42838,0.489813,0.510344,0.510344,0.510344,0.510344,0.433722,0.34678,0.34678,0.34678,0.34678,0.424855,0.537275,0.541848,0.572384,0.572384,0.572384,0.563814,0.563814,0.503031,0.382683,0.299219,0.299219,0.299219,0.299219,0.37754,0.418666,0.418666,0.418666,0.37754,0.362116,0.31625,0.254303,0.10547,0.0184149,0,0,0,0,0,0,0,0,0,0,0,0,0,0,0,0,0,0,0,0,0,0,0,0,0,0,0,0,0,0,0,0,0,0,0,0,0,0,0,0,0,0,0,0,0,0,0,0,0,0,0,0,0,0,0,0,0,0,0,0,0,0,0,0,0,0,0,0,0,0,0,0,0,0,0,0,0,0,0,0,0,0,0,0,0,0,0,0,0,0,0,0,0,0,0,0,0,0,0,0,0,0,0,0,0,0,0,0,0,0,0.0734591,0.169549,0.384095,0.481775,0.555301,0.591138,0.591138,0.591138,0.591138,0.591975,0.577947,0.57357,0.570686,0.483453,0.378812,0.283887,0.241969,0,0,0,0,0,0.00139594,0.0215971,0.0215971,0.0215971,0.00139594,0,0,0,0,0,0,0,0,0,0,0,0.166607,0.195284,0.35849,0.375901,0.407652,0.52794,0.545733,0.574669,0.574669,0.574669,0.574669,0.574669,0.563023,0.561025,0.558573,0.449619
0,0,0,0,0,0,0,0,0,0,0,0,0,0,0,0,0,0,0,0,0,0,0,0,0,0,0,0,0,0,0,0,0,0,0,0,0,0,0,0,0,0,0,0,0,0,0,0,0,0,0,0,0,0,0,0,0.0751859,0.156317,0.250617,0.285475,0.285475,0.285475,0.285475,0.185,0.150538,0.150126,0.150126,0.137355,0.137892,0.150126,0.150126,0.16561,0.16561,0.137892,0.137892,0.0388688,0.0388688,0.00185132,0,0,0,0,0,0,0,0,0,0,0,0.0390482,0.0390482,0.0390482,0,0,0,0,0,0,0,0,0,0,0,0,0,0,0,0,0,0.00490665,0,0,0.00960946,0.00490665,0,0,0,0,0,0,0,0,0.00212491,0.0271755,0,0,0.0271755,0,0,0,0,0,0,0,0,0,0,0.0137216,0.0137216,0.0137216,0.0137216,0,0,0,0,0,0,0,0,0,0,0,0,0,0,0,0,0,0,0,0,0,0,0,0,0,0,0,0,0,0,0,0,0,0,0,0,0,0,0,0,0,0,0,0,0,0,0,0,0,0,0,0,0,0,0,0,0,0,0,0,0,0,0,0,0,0,0,0,0,0,0,0,0,0,0,0,0,0,0,0,0,0,0,0,0,0,0,0,0,0,0,0,0,0,0,0,0,0,0,0,0,0,0,0,0,0,0,0,0,0,0,0,0,0,0.0643939,0.0836169,0.127601,0.216573,0.220854,0.253359,0.313871,0.320562,0.320562,0.313871,0.299379,0.291855,0.291855,0.274958,0.197059,0.188373,0.154268,0.154268,0.155989,0.155989,0.175261,0.155989,0.154268,0.150493,0.103233,0,0,0,0,0,0,0.0200719,0.0200719,0.0275588,0.0291914,0.0383413,0.0291914,0.0200719,0.00953555,0,0,0,0,0,0,0,0,0,0,0,0,0,0,0,0,0,0,0,0,0,0,0.00551581,0.00769973,0.0308531,0.0416022,0.0416022,0.0416022,0.0308531,0,0,0,0,0,0,0,0,0,0,0,0,0,0,0,0,0,0,0,0,0,0,0,0,0,0,0,0,0,0.16817,0.36753,0.373636,0.379012,0.38342,0.379012,0.377465,0.373636,0.373636,0.290112,0.273778,0.261017,0.219043,0.0482464,0,0,0,0,0,0,0,0,0,0,0,0,0,0.00583708,0.00583708,0,0,0,0,0,0,0,0,0,0,0,0,0,0,0,0.0143421,0.0143421,0,0,0,0,0,0,0,0,0,0,0,0,0,0,0,0,0,0,0,0.0152403,0.0199914,0,0.0199914,0.0199914,0.0152403,0.0150174,0,0,0,0,0,0,0,0,0,0,0,0,0,0,0,0,0,0,0,0,0,0,0,0,0,0,0,0,0,0,0,0,0,0,0,0,0,0,0,0,0,0,0,0,0,0.0208175,0.0208175,0,0,0,0,0,0,0.0328654,0,0,0,0,0,0,0,0,0,0,0,0,0,0,0,0,0,0,0,0,0,0,0,0,0,0,0,0,0,0,0,0,0,0,0.0210017,0.0210017,0,0,0,0,0,0,0,0,0,0,0,0,0,0,0,0,0,0,0,0,0,0,0,0,0,0,0,0,0,0,0,0,0,0,0,0,0,0,0,0,0,0,0,0,0,0,0,0,0,0,0,0,0,0,0,0,0,0,0,0,0,0,0,0,0,0,0,0,0,0,0,0,0,0,0,0,0,0,0,0,0,0,0,0,0,0,0,0,0,0,0,0,0,0,0,0,0,0,0,0,0,0,0,0,0,0,0,0,0,0,0,0,0,0,0,0,0,0,0,0,0,0,0,0,0,0,0,0,0,0,0,0,0,0,0,0.124012,0.247303,0.254134,0.256718,0.261042,0.274395,0.293193,0.295811,0.429462,0.429462,0.429462,0.429462,0.351365,0.351365,0.350855,0.303872,0.300622,0.300622,0.284775,0.268272,0.254545,0.220292,0.0945085,0.0135505,0.0103265,0.0086081,0,0,0,0,0,0,0,0.0440693,0.0440693,0.0440693,0.0440693,0,0,0,0,0,0,0,0,0,0,0,0,0,0,0,0,0,0,0,0,0,0,0.144389,0.338236,0.462912,0.565693,0.565693,0.565693,0.565693,0.217382,0.217382,0.217382,0.217382,0.217382,0.254621,0.268009,0.268009,0.254621,0.248336,0.226547,0.226547,0.135474,0.0321627,0,0,0,0,0,0,0,0,0,0,0,0,0,0,0,0,0.132905,0.167935,0.463189,0.463189,0.463189,0.472829,0.472829,0.472829,0.472829,0.528758,0.53187,0.53187,0.53187,0.53187,0.494256,0.22405,0.206177,0.206177,0.200625,0.141826,0.0366086,0,0,0,0,0,0,0,0,0,0,0,0,0,0,0,0,0.00916958,0.00916958,0,0,0,0,0,0,0,0,0,0,0,0,0,0,0,0,0,0,0,0,0,0,0,0,0,0,0
0,0,0,0,0,0,0,0,0,0,0,0,0,0,0,0,0,0,0,0,0,0,0,0,0,0,0,0,0,0,0,0,0,0,0,0,0,0,0,0,0,0,0,0,0,0,0,0,0,0,0,0,0,0,0,0.286809,0.399079,0.590262,0.71259,0.71259,0.729492,0.745444,0.745444,0.745444,0.742826,0.710789,0.694638,0.614552,0.611889,0.60813,0.608085,0.608085,0.60813,0.60813,0.616019,0.616019,0.616019,0.616019,0.60187,0.592703,0.59254,0.526823,0.517838,0.517838,0.517838,0.518192,0.526823,0.526823,0.518192,0.518192,0.486963,0.291802,0.291802,0.291802,0.291802,0.292211,0.306449,0.467986,0.468229,0.468229,0.481315,0.481315,0.499582,0.536371,0.640833,0.643026,0.643026,0.647449,0.656251,0.647449,0.643026,0.638985,0.63533,0.585808,0.520217,0.51081,0.51081,0.51081,0.520217,0.528165,0.528165,0.528165,0.528165,0.504752,0.504752,0.504752,0.488456,0.488456,0.488456,0.488456,0.499163,0.499163,0.499163,0.513638,0.572417,0.572417,0.572417,0.572417,0.5425,0.49361,0.487343,0.448885,0.448885,0.448885,0.448885,0.460721,0.461728,0.509645,0.509645,0.509645,0.509645,0.496142,0.462065,0.357799,0.357799,0.291372,0.291372,0.291372,0.324656,0.324656,0.339845,0.339845,0.347701,0.348047,0.348047,0.348047,0.348047,0.376579,0.397931,0.376579,0.368938,0.366602,0.366602,0.366602,0.355688,0.35208,0.350916,0.341953,0.211523,0.211523,0.115447,0.115447,0.115447,0.115447,0.10875,0.10875,0.10875,0.10875,0.0257099,0,0,0,0,0.00989139,0.0257099,0.00989139,0.00989139,0.0282794,0.0282794,0.0548559,0.10436,0.211338,0.322404,0.376733,0.399104,0.430351,0.430351,0.430351,0.430351,0.334217,0.334217,0.334217,0.324469,0.334217,0.334217,0.334217,0.302746,0.285156,0.221393,0.176604,0.176604,0.176604,0.176604,0.312061,0.325388,0.458299,0.458299,0.534403,0.458299,0.456471,0.45401,0.45401,0.417381,0.304426,0.243646,0.215034,0.215034,0.192075,0.215034,0.216075,0.216075,0.377321,0.380926,0.437423,0.456441,0.456441,0.437423,0.437423,0.383484,0.255371,0.255371,0.254104,0.231089,0.231089,0.231089,0.231089,0.103706,0.0956917,0.069347,0,0,0,0,0,0,0,0,0.378517,0.454191,0.454191,0.454191,0.454191,0.281667,0.281667,0.281667,0.240932,0.240932,0.216442,0.240932,0.25212,0.25212,0.25212,0.362847,0.368276,0.372749,0.392907,0.392907,0.392907,0.392907,0.391431,0.328336,0.328336,0.328336,0.328336,0.39717,0.39717,0.438585,0.443417,0.443417,0.469567,0.53265,0.578288,0.630399,0.635724,0.64128,0.64128,0.64128,0.64128,0.608141,0.586973,0.547722,0.522776,0.520713,0.487984,0.469018,0.465759,0.465759,0.444473,0.43615,0.428495,0.428495,0.428495,0.416785,0.405834,0.388541,0.386626,0.386626,0.386626,0.386626,0.382973,0.381285,0.381285,0.371805,0.34966,0.320057,0.0409037,0,0,0,0,0.231218,0.389084,0.424421,0.424421,0.424421,0.424421,0.365441,0.350636,0.239929,0.239929,0.239929,0.239929,0.3239,0.467783,0.576346,0.630715,0.630715,0.682094,0.682094,0.682094,0.676437,0.630617,0.568193,0.568193,0.568193,0.568193,0.603461,0.605777,0.605777,0.605777,0.605777,0.603461,0.583923,0.570304,0.570304,0.583923,0.583923,0.583923,0.590904,0.590904,0.590904,0.584067,0.508982,0.502895,0.442712,0.346315,0.335781,0.335781,0.335781,0.346315,0.551504,0.671552,0.762155,0.814774,0.814774,0.814774,0.814774,0.742445,0.72066,0.705688,0.699781,0.668034,0.668034,0.579665,0.535611,0.480807,0.353671,0,0,0,0,0.131851,0.381864,0.387978,0.414449,0.434486,0.480733,0.507678,0.507678,0.480733,0.480733,0.480733,0.47016,0.436596,0.28951,0.247363,0.211109,0.153261,0.153261,0.0439328,0,0,0,0,0,0,0,0,0,0,0.0404918,0.308068,0.3547,0.3547,0.3547,0.326451,0.323974,0.323974,0.326451,0.326451,0.381412,0.468947,0.491615,0.634942,0.636747,0.785959,0.804004,0.837493,0.837493,0.837493,0.837493,0.811779,0.768716,0.768716,0.768716,0.768716,0.805946,0.805946,0.805946,0.805946,0.760599,0.748898,0.738242,0.723023,0.691671,0.691671,0.687165,0.687165,0.687165,0.687165,0.687165,0.630832,0.520761,0.471523,0.309074,0.309074,0.309074,0.309074,0.309308,0.602611,0.654442,0.654442,0.654442,0.654442,0.620729,0.545817,0.499806,0.499806,0.499806,0.499806,0.617403,0.617403,0.617403,0.617403,0.546836,0.532254,0.468182,0.463986,0.43126,0.43126,0.43126,0.43126,0.557362,0.610381,0.610381,0.610381,0.610381,0.574114,0.437313,0.305176,0.305176,0.305176,0.305176,0.390461,0.508673,0.569376,0.569376,0.569376,0.569376,0.554146,0.453409,0.352158,0.352158,0.352158,0.352158,0.396969,0.460009,0.485169,0.497099,0.571419,0.571419,0.571419,0.571419,0.563756,0.525254,0.49679,0.373826,0.292054,0.292054,0.256448,0.256448,0.256448,0.315354,0.315354,0.362374,0.374536,0.380334,0.380334,0.374536,0.304207,0.301881,0.275203,0.275203,0.275203,0.275203,0.275203,0.338104,0.338104,0.338104,0.290562,0.198972,0.198972,0.232242,0.232242,0.233414,0.233414,0.233414,0.233414,0.233414,0.130302,0.00606894,0,0,0,0,0,0,0,0.0266832,0.0672114,0.0756901,0.0883347,0.134336,0.177024,0.272206,0.356192,0.363457,0.420646,0.445484,0.499877,0.502704,0.502704,0.502704,0.502704,0.441071,0.437347,0.404546,0.404546,0.404546,0.441071,0.444447,0.578092,0.584099,0.723991,0.814471,0.814844,0.814844,0.814844,0.814844,0.798998,0.795238,0.794712,0.789182,0.757882,0.748493,0.74514,0.687443,0.468202,0.437348,0.406046,0.406046,0.406046,0.42267,0.42267,0.42267,0.406046,0.42267,0.42267,0.42267,0.45277,0.477125,0.479923,0.479923,0.479923,0.480646,0.480646,0.480646,0.480646,0.631533,0.664242,0.664242,0.664242,0.664242,0.57458,0.55852,0.553901,0.553901,0.553901,0.55852,0.585111,0.588247,0.588276,0.607107,0.607107,0.607107,0.588247,0.548213,0.521731,0.520267,0.512602,0.505624,0.502262,0.48207,0.48207,0.502262,0.505624,0.505624,0.510088,0.588698,0.588698,0.588698,0.510088,0.509138,0.509138,0.469895,0.469895,0.509138,0.509138,0.509138,0.510667,0.499611,0.510667,0.510667,0.510667,0.690853,0.750102,0.810513,0.835204,0.835204,0.835204,0.810513,0.755426,0.674109,0.577783,0.491668,0.439517,0.408099,0.374819,0.348674,0.348674,0.374819,0.374819,0.345077,0.531663,0.569953,0.599403,0.616081,0.705526,0.710054,0.712058,0.75032,0.791796,0.791796,0.791796,0.77477,0.75032,0.664777,0.642469,0.541634,0.510315,0.490033,0.456262,0.456262,0.423868,0.361883,0.456262,0.456262,0.471802,0.471802,0.450832,0.450832,0.450832,0.204277,0.204277,0.204277,0.204277,0.678559,0.805802,0.862706,0.909021,0.958025,0.977572,0.983068,0.983068,0.983068,0.977572,0.938872,0.863101,0.765102,0.687458,0.684875,0.684368,0.666759,0.652395,0.631324,0.622122,0.603892,0.583274,0.579409,0.565982,0.559597,0.559597,0.559597,0.547678,0.547678,0.536054,0.501436,0.501436,0.455665,0.419882,0.391596,0.333342,0.333342,0.333342,0.391596,0.4872,0.52746,0.528479,0.567841,0.625235,0.667394,0.693518,0.712157,0.712157,0.712157,0.712157,0.653035,0.540472,0.208689,0.208689,0.208689,0.208689,0.273952,0.341812,0.344787,0.34499,0.344787,0.341812,0.273952,0.214149,0.105271
0,0,0,0,0,0,0,0,0,0,0,0,0,0,0,0,0,0,0,0,0,0,0,0,0,0,0,0,0,0,0,0,0,0,0,0,0,0,0,0,0,0,0,0,0,0,0,0,0,0,0,0,0,0,0,0,0,0,0,0,0,0,0,0,0,0,0,0,0,0,0,0,0,0,0,0,0,0,0,0,0,0,0,0,0,0,0,0,0,0,0,0,0,0,0,0,0,0,0,0,0,0,0,0,0,0,0,0,0,0,0,0,0,0,0,0,0,0,0,0,0,0,0,0,0,0,0,0,0,0,0,0,0,0,0,0,0,0,0,0,0,0,0,0,0,0,0,0,0,0,0,0,0,0,0,0,0,0,0,0,0,0,0,0,0,0,0,0.263245,0.31643,0.31643,0.31643,0.31643,0.302325,0.182288,0.182288,0.182288,0.182288,0.266923,0.266923,0.32833,0.366517,0.32833,0.266923,0.209092,0.154324,0.154324,0.154324,0.154324,0.317321,0.317321,0.356527,0.356527,0.356527,0.356527,0.296209,0.273464,0.263932,0.162324,0.0580442,0.0557673,0.0557673,0.0272745,0.0272745,0.0148165,0,0,0,0,0,0,0,0,0,0,0,0,0,0,0,0,0,0,0,0,0,0,0,0,0,0,0,0,0,0,0,0,0,0,0,0,0,0,0,0,0,0.018059,0.018059,0.018059,0.018059,0.018059,0.018059,0.018059,0.112093,0.138594,0.243729,0.33319,0.433028,0.457606,0.564456,0.567675,0.567675,0.573003,0.573003,0.564456,0.542558,0.509471,0.452962,0.452962,0.452962,0.452962,0.518485,0.518485,0.518485,0.518485,0.516024,0.493685,0.452701,0.452701,0.452701,0.452701,0.461373,0.586638,0.607177,0.607896,0.678778,0.689941,0.694218,0.697237,0.711619,0.709106,0.709106,0.709106,0.709106,0.709106,0.701578,0.620357,0.614374,0.61377,0.585032,0.526319,0.282951,0.280074,0.280074,0.280074,0.255963,0.280074,0.329193,0.329193,0.329193,0.248551,0.227939,0.169558,0.169558,0.169558,0.169558,0.22213,0.260163,0.271835,0.272455,0.302048,0.350175,0.350175,0.350175,0.350175,0.29826,0.263371,0.263371,0.246286,0.246286,0.246286,0.389533,0.390876,0.491789,0.491789,0.491789,0.491789,0.490132,0.422702,0.327786,0.327736,0.327736,0.327736,0.327736,0.411644,0.411644,0.411644,0.411644,0.391612,0.366664,0.325566,0.27194,0.145565,0.136116,0.136116,0.136116,0.136116,0.403929,0.486129,0.556856,0.556856,0.556856,0.556856,0.53345,0.491494,0.423575,0.404172,0.393578,0.380917,0.368177,0.380917,0.380917,0.368177,0.366434,0.351187,0.324953,0.324953,0.324953,0.324953,0.428483,0.461573,0.464677,0.48477,0.543296,0.607443,0.607443,0.612848,0.612848,0.612848,0.595187,0.546615,0.503168,0.481031,0.464412,0.444468,0.302531,0,0,0,0,0,0,0,0,0,0,0.0273698,0.18634,0.18634,0.18634,0.152588,0.177441,0.177441,0.152588,0.151013,0.152588,0.177441,0.177441,0.194109,0.194109,0.194109,0.218329,0.222869,0.273805,0.273805,0.218329,0.174434,0,0,0,0,0,0,0,0,0,0,0,0,0,0,0,0,0,0,0,0,0,0,0,0,0,0,0,0,0,0,0,0,0,0,0,0,0,0,0,0,0,0,0,0,0,0,0,0,0,0,0,0,0,0,0,0.0289106,0.0151974,0,0,0,0,0,0,0,0,0,0,0,0,0,0,0,0,0,0.00916183,0.00916183,0.00916183,0.00916183,0,0,0,0,0,0,0,0,0,0,0,0,0,0,0,0,0,0,0,0,0,0,0,0,0,0,0,0,0,0,0,0,0,0,0,0,0,0,0,0,0,0,0,0,0,0,0,0,0,0,0,0,0,0,0,0,0,0,0.0237244,0.109519,0.317712,0.317712,0.347824,0.347824,0.347824,0.277864,0.221668,0.221668,0.277864,0.277864,0.379416,0.493191,0.54116,0.552173,0.565394,0.582688,0.587539,0.597213,0.623296,0.623296,0.623296,0.623296,0.616602,0.524267,0.50707,0.469249,0.437709,0.378371,0.378371,0.360798,0.299372,0.242823,0.0867748,0,0,0,0,0,0.012244,0,0,0,0,0,0,0,0,0,0,0,0,0,0,0,0,0,0,0,0,0,0,0,0,0,0,0,0,0,0,0.0766545,0.134329,0.165314,0.175625,0.175625,0.179957,0.179957,0.179957,0.167023,0.167023,0.167023,0.167023,0.167023,0.34282,0.371408,0.419208,0.437502,0.52214,0.622676,0.622676,0.622676,0.622676,0.588206,0.572052,0.537674,0.537674,0.572052,0.572052,0.590759,0.590759,0.590759,0.590759,0.422882,0.420601,0.355604,0.32783,0.32783,0.32783,0.32783,0.347896,0.409981,0.419291,0.585699,0.605579,0.614455,0.646052,0.673092,0.673349,0.673092,0.673092,0.673092,0.664632,0.523286,0.470301,0.470301,0.470301,0.470301,0.502909,0.502909,0.502909,0.502909,0.403935,0.403879,0.36033,0.357518,0.356946,0.357518,0.357518,0.357518,0.421516,0.421516,0.421516,0.421516,0.398986,0.286867,0.286867,0.286867,0.286867,0.290483,0.290483,0.290483,0.290483,0.286384,0.267742,0.262317,0.176388,0.0838929,0,0,0,0,0.172424,0.261118,0.262219,0.262219,0.284424,0.314997,0.314997,0.314997,0.371579,0.455804,0.524577,0.592069,0.622284,0.671173,0.67174,0.67174,0.67174,0.671173,0.671173,0.672684,0.672684,0.670823,0.684177,0.685181,0.685181,0.684177,0.647858,0.644704,0.574723,0.54953,0.54953,0.54517,0.54517,0.54517,0.568166,0.568166,0.568166,0.543982,0.543073,0.531678,0.507678,0.491407,0.48215,0.48215,0.48215,0.48215,0.491407,0.507688,0.511874,0.511874,0.521452,0.521452,0.521452,0.503104,0.499955,0.474705,0.466733,0.466733,0.450619,0.466733,0.474705,0.481646,0.493799,0.493799,0.493799,0.493799,0.334917,0.195924,0.123641,0.123641,0.123641,0.126131,0.126131,0.162395,0.170275,0.226324,0.292056,0.292056,0.292056,0.292237,0.324956,0.292237,0.259527,0.104743,0.104743,0.104743,0
0,0,0,0,0,0,0,0,0,0,0,0,0,0,0,0,0,0,0,0,0,0,0,0,0,0,0,0,0,0,0,0,0,0,0,0,0,0,0,0,0,0,0,0,0,0,0,0,0,0,0,0,0,0,0,0,0,0,0,0,0,0,0,0,0,0,0,0,0,0,0,0,0,0,0,0,0,0,0,0,0,0,0,0,0,0,0,0,0,0,0,0,0,0,0,0,0,0.159248,0.201483,0.201483,0.201483,0.201483,0.0734144,0.0734144,0.0734144,0.0734144,0.175126,0.175126,0.175126,0.175126,0,0,0,0,0,0,0,0,0,0,0,0,0,0,0,0,0,0,0,0,0,0,0,0,0,0,0,0,0,0,0,0,0,0,0,0,0,0,0,0.316663,0.316663,0.365355,0.405235,0.406256,0.406256,0.365355,0.365355,0.365355,0.342232,0.298914,0.236109,0,0,0,0,0,0,0,0,0,0,0,0,0,0,0,0,0,0,0,0,0,0,0,0,0,0,0,0,0,0,0,0,0,0,0,0,0,0,0,0,0,0,0,0,0,0,0,0,0,0,0,0,0,0,0,0,0,0,0.221037,0.264606,0.284142,0.284142,0.284142,0.284142,0.142594,0.142594,0.142594,0.142594,0.21165,0.24377,0.24377,0.24377,0.246047,0.24377,0.21781,0.21781,0.21781,0.21781,0.21781,0.206017,0.21781,0.206017,0.206017,0.206017,0.18721,0.18721,0.18721,0.18721,0.199932,0.199932,0.198574,0.198574,0.198574,0.198574,0.191824,0.133468,0.11148,0.0765395,0.0157142,0,0,0,0,0,0,0,0,0,0,0,0,0,0,0,0,0,0,0,0,0,0,0,0,0,0,0,0,0,0,0,0,0,0,0,0,0,0,0,0,0,0,0,0,0,0,0,0,0,0,0,0,0,0,0,0,0,0,0,0,0,0,0,0,0,0,0,0,0,0,0,0,0,0,0,0,0,0,0,0,0,0,0,0,0,0,0,0,0,0,0,0,0,0,0,0,0,0,0,0,0,0,0,0,0,0,0,0,0,0,0,0,0,0,0,0,0,0,0,0,0,0,0,0,0,0,0,0,0,0,0,0,0,0,0,0,0,0,0,0,0,0,0,0,0,0,0,0,0,0,0,0,0,0,0,0,0,0,0,0,0,0,0,0,0,0,0,0,0,0,0,0,0,0,0,0,0,0,0,0.0182366,0.0182366,0.0557458,0.146002,0.146002,0.175786,0.18836,0.18836,0.18836,0.181599,0.140198,0.140198,0,0,0,0,0,0,0,0,0,0,0,0,0,0,0,0,0,0,0,0,0,0,0,0,0,0.325156,0.34206,0.34206,0.355353,0.375301,0.396746,0.519088,0.524718,0.524718,0.524718,0.524718,0.364599,0.270155,0.137849,0.137849,0.113859,0.0683457,0.0683457,0.0198621,0,0,0,0,0,0,0,0,0,0,0,0,0,0,0,0,0,0,0,0,0,0,0,0,0,0,0,0,0,0,0,0,0,0,0,0,0,0,0,0,0,0,0,0,0,0,0,0,0,0,0,0,0,0,0,0,0,0,0,0,0,0,0,0,0,0,0,0,0,0,0,0,0,0,0,0,0,0,0,0,0,0,0,0,0,0,0,0,0,0,0,0,0,0,0,0,0,0,0,0,0,0,0,0,0,0,0,0,0,0,0,0,0,0,0,0,0,0,0,0,0,0,0,0,0.00567019,0,0,0,0,0,0,0,0,0,0,0,0,0,0,0,0,0,0,0,0,0,0,0,0,0,0,0.0156909,0.0264555,0.0264555,0.0156909,0.0156909,0,0,0,0,0,0,0,0,0,0,0,0,0,0,0,0,0,0,0,0,0,0,0,0,0,0,0,0,0,0,0,0,0,0,0,0,0,0,0,0,0,0,0,0,0,0,0,0,0,0,0,0,0,0,0,0,0,0,0,0,0,0,0,0,0,0,0,0,0,0,0,0,0,0,0,0,0,0,0,0,0,0,0,0,0,0,0,0,0,0,0,0,0,0,0,0,0,0,0,0,0,0,0,0,0,0,0,0,0,0,0,0,0,0,0,0,0,0,0,0,0,0,0,0,0,0,0,0,0,0,0,0,0,0,0,0,0,0,0,0,0,0,0,0,0,0,0,0,0,0,0,0,0,0,0,0,0,0,0,0
0,0,0,0,0,0,0,0,0,0,0,0,0,0,0,0,0,0,0,0,0,0,0,0,0,0,0,0,0,0,0,0,0,0,0,0,0,0,0,0,0,0,0,0,0,0,0,0,0,0,0,0,0.169675,0.199819,0.276305,0.285768,0.318867,0.318867,0.371733,0.372162,0.405078,0.635848,0.684085,0.698389,0.699021,0.728411,0.728411,0.728411,0.728411,0.699021,0.65092,0.649131,0.609091,0.58023,0.538536,0.498015,0.498015,0.498015,0.498015,0.54273,0.54273,0.54273,0.54273,0.471458,0.396624,0.389882,0.357225,0.326705,0.326705,0.326705,0.326705,0.33918,0.362911,0.362911,0.362911,0.355044,0.355044,0.352789,0.349575,0.330507,0.317657,0.281675,0.280083,0.25001,0.240359,0.229638,0.196369,0.195084,0.195084,0.195084,0.196369,0.255615,0.269388,0.269855,0.278426,0.278426,0.278426,0.269388,0.258076,0.258076,0.258076,0.258076,0.274033,0.2764,0.2764,0.2764,0.2764,0.217068,0.172028,0.172028,0.172028,0.172028,0.192124,0.222642,0.222642,0.222642,0.222642,0.183968,0.145081,0.145081,0.134882,0.113987,0.113987,0.145081,0.225849,0.370702,0.390118,0.390118,0.390118,0.390118,0.36404,0.36404,0.36404,0.36404,0.506751,0.515826,0.519186,0.599109,0.59986,0.599109,0.59986,0.623095,0.650564,0.669918,0.669918,0.693649,0.693649,0.688629,0.671555,0.669918,0.667589,0.667589,0.647635,0.631308,0.610679,0.488378,0.488378,0.488378,0.488378,0.498153,0.636797,0.714426,0.736428,0.770725,0.770725,0.770725,0.770725,0.674972,0.64733,0.62523,0.618148,0.618148,0.618148,0.62523,0.684907,0.684907,0.684907,0.684907,0.683118,0.643435,0.585035,0.585035,0.5578,0.5578,0.5578,0.642723,0.664812,0.742041,0.768803,0.769325,0.81927,0.81927,0.81927,0.81927,0.805635,0.718127,0.712489,0.690862,0.690862,0.690862,0.688963,0.688241,0.688241,0.688241,0.672185,0.670472,0.667627,0.640681,0.640681,0.640681,0.667627,0.698553,0.753156,0.758272,0.7601,0.7601,0.7601,0.7601,0.669458,0.647968,0.647968,0.647968,0.647968,0.731482,0.781493,0.781493,0.781493,0.781493,0.758193,0.707472,0.641572,0.583324,0.498181,0.498181,0.498181,0.498181,0.537324,0.605947,0.666995,0.692692,0.700791,0.700791,0.700791,0.700791,0.674933,0.646411,0.585531,0.487539,0.417526,0.385616,0.360898,0.360898,0.360898,0.391704,0.417526,0.447964,0.447964,0.447964,0.447964,0.375323,0.298102,0.177286,0.167048,0.167048,0.167048,0.167048,0.167048,0.167048,0.167048,0.12861,0.12861,0.107573,0.106984,0.0882113,0.0753331,0,0,0,0,0,0,0.0373435,0,0,0,0,0,0,0,0.0232196,0.0164634,0.0164634,0.0164634,0.0232196,0,0,0,0,0,0,0.0130546,0,0,0,0,0,0,0,0,0,0,0,0,0,0,0,0,0,0,0,0,0,0.355268,0.517574,0.620131,0.656164,0.656164,0.682409,0.688342,0.688342,0.688342,0.730903,0.730903,0.730903,0.730903,0.604322,0.604322,0.604322,0.604322,0.604322,0.604322,0.645746,0.654195,0.656345,0.669838,0.685465,0.685465,0.685465,0.685465,0.67559,0.579657,0.433844,0.428451,0.428451,0.428451,0.387681,0.424489,0.405882,0.405882,0.405882,0.387681,0.359991,0.285583,0.177596,0.111284,0.111284,0.0643015,0.0643015,0.0643015,0.0643015,0.0643015,0.0493795,0.0293195,0.016458,0,0,0,0,0,0,0.202329,0.27897,0.474419,0.541795,0.546847,0.562633,0.566599,0.578762,0.600625,0.658631,0.737218,0.739751,0.739751,0.745591,0.769216,0.783073,0.783073,0.783073,0.783073,0.77126,0.756107,0.742175,0.697871,0.662394,0.570761,0.570761,0.570761,0.570761,0.666191,0.81018,0.827771,0.827771,0.827771,0.827771,0.814734,0.747766,0.69552,0.582914,0.582914,0.582914,0.582914,0.613027,0.662378,0.666525,0.666525,0.666525,0.663177,0.662378,0.578998,0.557112,0.557112,0.557112,0.560264,0.578998,0.597757,0.597757,0.605194,0.615681,0.616203,0.62175,0.629652,0.660597,0.660597,0.660597,0.655222,0.629652,0.625957,0.616776,0.616776,0.616776,0.597793,0.586511,0.586511,0.584628,0.577512,0.437431,0.189026,0.173835,0.173835,0.150561,0.173835,0.173835,0.173913,0.174723,0.176821,0.280337,0.320894,0.320894,0.320894,0.320894,0.272251,0.265347,0.265347,0.265347,0.269177,0.272251,0.300216,0.300216,0.302531,0.302531,0.302531,0.298096,0.160891,0.160891,0.160891,0.160891,0.177904,0.321083,0.321083,0.321083,0.321083,0.321083,0.316186,0.308419,0.28412,0.230917,0.226504,0.230917,0.228519,0.228519,0.228519,0.226504,0.228519,0.228627,0.228627,0.228627,0.223436,0.223436,0.228848,0.228848,0.228848,0.228848,0.228848,0.228848,0.228848,0.284799,0.287082,0.287082,0.34295,0.489861,0.660698,0.6789,0.713069,0.713069,0.713069,0.6789,0.67597,0.638283,0.638283,0.638283,0.638283,0.639682,0.715542,0.736052,0.804106,0.817849,0.817849,0.817849,0.804106,0.798726,0.798726,0.798726,0.798726,0.80565,0.833371,0.833371,0.833371,0.833371,0.756192,0.72486,0.693006,0.689182,0.661408,0.636611,0.586724,0.565966,0.564173,0.551107,0.551107,0.481328,0.476674,0.453899,0.449558,0.318136,0.318136,0.318136,0.318136,0.603993,0.664345,0.664345,0.664345,0.644382,0.644382,0.564706,0.538925,0.538925,0.538925,0.538925,0.565922,0.589133,0.616463,0.639672,0.639672,0.662249,0.662249,0.662249,0.662249,0.576333,0.576333,0.576333,0.576333,0.586636,0.617317,0.620442,0.620442,0.620442,0.620442,0.526519,0.511012,0.441085,0.439449,0.439449,0.439449,0.439449,0.483155,0.50856,0.581419,0.605633,0.605633,0.605633,0.605633,0.566931,0.562363,0.523751,0.522464,0.504063,0.522464,0.522464,0.535404,0.535404,0.540432,0.540432,0.540432,0.540432,0.510664,0.449819,0.380389,0.379328,0.338706,0.338706,0.338706,0.30128,0.336978,0.336978,0.353919,0.38108,0.401484,0.401484,0.401484,0.401484,0.351655,0.351655,0.351655,0.332585,0.310059,0.301371,0.272101,0.221194,0.188373,0.188373,0.175085,0.174226,0.121078,0.121078,0.077737,0.0623196,0.0514883,0.0514883,0.0623196,0.0514883,0.0514883,0.0514883,0.0554323,0.0554323,0.043757,0.0320893,0.0227386,0.000498891,0.000168085,0,0,0,0,0,0,0,0,0,0,0,0,0,0,0.0468403,0.0369912,0.0295228,0,0,0,0,0.0289446,0.0425446,0.0425446,0.0425446,0.0425446,0.0432801,0.0432801,0.0432801,0.0432801,0.0491792,0.0491792,0.0436067,0,0,0,0,0.0436067,0.0436067,0,0.0238961,5.00679e-05,0,0,0,0,0,0,0,0,0,0,0,0,0.0628733,0.0782805,0.0805402,0.160769,0.224491,0.279393,0.330882,0.363129,0.363129,0.363129,0.363129,0.356052,0.33319,0.299051,0.265201,0.265201,0.265201,0.278482,0.297993,0.297993,0.297993,0.305345,0.30865,0.317243,0.346815,0.346815,0.346815,0.346815,0.329268,0.309111,0.303312,0.240217,0.228329,0.210347,0.189732,0.186878,0.161981,0.0921052,0.0873059,0.0567603,0.0567603,0.0567603,0.0873059,0.0901645,0.137753,0.281278,0.361705,0.431692,0.432744,0.463387,0.464657,0.494143,0.49628,0.507795,0.515627,0.538487,0.59985,0.633134,0.650805,0.658766,0.660365,0.664545,0.679642,0.679642,0.664545,0.664545,0.663654,0.561918
0,0,0,0,0,0,0,0,0,0,0,0,0,0,0,0,0,0,0,0,0,0,0,0,0,0,0,0,0,0,0,0,0,0,0,0,0,0,0,0,0,0,0,0,0,0,0,0,0,0,0,0,0,0.226658,0.302765,0.330317,0.330317,0.330317,0.330317,0.349484,0.349484,0.349484,0.467209,0.478032,0.497727,0.497727,0.478032,0.497727,0.478032,0.497727,0.513655,0.512681,0.512681,0.512681,0.460399,0.45573,0.454336,0.45165,0.389506,0.342613,0.342613,0.332403,0.296204,0.286649,0.296204,0.286649,0.283744,0.282792,0.260693,0.183461,0.200579,0.159948,0.159948,0.159948,0.159948,0.159948,0.159948,0.105683,0.0114894,0.00745654,0.00745654,0.00745654,0.00745654,0.00745654,0.0436884,0.0436884,0.0436884,0,0,0,0,0,0,0,0,0,0,0,0,0,0,0,0,0,0,0,0,0,0,0,0,0,0,0,0,0,0,0,0,0,0.0334489,0.0334489,0.0334489,0.0181591,0.0181591,0.0181591,0,0,0,0,0,0,0,0,0,0,0,0,0,0,0,0,0,0,0,0,0,0,0,0,0,0,0,0,0,0,0,0,0,0.0201875,0.0201875,0.0201875,0.0201875,0,0,0,0,0,0,0,0,0,0,0,0,0,0,0,0,0,0,0,0,0,0,0,0,0,0,0,0,0,0,0,0,0,0,0,0,0,0,0,0,0,0,0,0,0,0,0,0,0,0,0,0,0,0,0,0,0,0,0,0,0,0,0,0,0,0,0,0,0,0,0,0,0,0,0,0,0,0,0,0,0,0,0,0,0,0,0,0,0,0,0,0,0,0,0,0,0,0,0,0,0,0,0,0,0,0,0,0,0,0,0,0,0,0,0,0,0,0,0,0,0,0,0,0,0,0,0,0,0,0,0,0,0,0,0,0,0,0,0,0,0,0,0,0,0,0,0,0,0,0,0,0,0,0,0,0.0193912,0,0,0,0,0,0.0217032,0,0,0,0,0,0,0,0,0,0,0,0,0,0,0.0228149,0,0,0,0,0,0,0,0,0,0,0,0,0,0,0,0,0,0,0,0,0,0,0,0,0,0.00305355,0.0311881,0.0465542,0,0,0,0,0,0.0334853,0,0,0,0,0,0,0,0,0,0,0,0,0,0,0,0,0,0,0,0,0.016225,0,0,0,0,0,0,0,0,0,0,0,0,0,0,0,0,0,0,0,0,0,0,0,0,0,0,0,0,0,0,0,0,0,0,0,0,0,0,0.309257,0.326643,0.345687,0.370155,0.391608,0.401455,0.418926,0.461455,0.50301,0.538165,0.538165,0.538165,0.538165,0.529121,0.482729,0.448227,0.39084,0.368267,0.355941,0.348797,0.348797,0.348797,0.368267,0.393315,0.393315,0.393315,0.393315,0.339712,0.338837,0.31615,0.291575,0.247363,0.199293,0.189067,0.137613,0.137613,0.137613,0.137613,0.137613,0.187673,0.187673,0.200899,0.200899,0.244376,0.244376,0.342488,0.356477,0.356477,0.358476,0.356477,0.342488,0.330242,0.286786,0.271428,0.271428,0.180475,0.0836664,0.0274259,0,0,0,0,0,0,0,0,0,0,0,0,0,0,0,0,0,0,0,0,0,0,0,0,0,0,0,0,0,0,0,0,0,0,0,0,0,0,0,0,0,0,0,0,0,0,0,0,0,0,0,0.0290626,0,0,0,0,0,0,0,0,0,0,0,0,0,0,0,0,0,0,0,0,0,0,0,0,0,0,0,0,0,0,0,0,0,0,0,0,0,0,0,0,0,0,0,0,0,0,0,0,0,0,0,0,0,0,0,0,0,0,0,0,0,0,0,0,0,0,0,0,0,0,0,0,0,0,0,0,0,0,0,0,0,0,0,0,0,0,0,0,0,0,0,0,0,0,0,0,0,0,0,0,0,0,0,0,0,0,0,0,0,0,0,0,0,0,0,0,0,0,0,0,0,0,0,0,0,0.112671,0.140933,0.150673,0.313706,0.395279,0.395279,0.395279,0.395279,0.398773,0.386977,0.288879,0.283729,0.197875,0.197875,0.216368,0.197875,0.197875,0.195342,0.138675,0.116667,0.116667,0.106653,0.0372547,0.0372547,0,0,0,0,0,0,0,0,0,0,0,0,0,0,0,0,0,0,0,0,0,0,0,0,0.0377595,0.0377595,0.0377595,0.0377595,0,0,0,0,0,0,0,0,0,0.0110334,0.0121254,0.0447458,0.0447458,0.0447458,0.0110334,0,0,0,0,0,0,0,0,0,0,0,0,0,0,0,0,0,0,0,0,0,0,0,0,0,0,0,0,0,0,0,0,0,0,0,0,0,0,0,0,0,0,0,0,0,0,0,0,0,0,0,0,0,0,0,0
